{
    "$schema": "https://schema.management.azure.com/schemas/2015-01-01/deploymentParameters.json#",
    "contentVersion": "1.0.0.0",
    "parameters": {
        "sites_hackathonsbqfunc_name": {
            "value": null
        },
        "serverfarms_hackathonsbqfunc_name": {
            "value": null
        },
        "namespaces_hackathonsbns_name": {
            "value": null
        },
        "components_hackathonsbqfunc_name": {
            "value": null
        },
        "storageAccounts_hackathonsbimg_name": {
            "value": null
        },
        "storageAccounts_hackathonsbchpt_name": {
            "value": null
        },
        "databaseAccounts_hackathoncdb_name": {
            "value": null
        },
        "smartdetectoralertrules_failure_anomalies___hackathonsbqfunc_name": {
            "value": null
        },
        "actiongroups_application_insights_smart_detection_externalid": {
            "value": null
        }
    }
}