{
    "$schema": "https://schema.management.azure.com/schemas/2019-04-01/deploymentTemplate.json#",
    "contentVersion": "1.0.0.0",
    "parameters": {
        "sites_hackathonsbqfunc_name": {
            "defaultValue": "hackathonsbqfunc",
            "type": "String"
        },
        "serverfarms_hackathonsbqfunc_name": {
            "defaultValue": "hackathonsbqfunc",
            "type": "String"
        },
        "namespaces_hackathonsbns_name": {
            "defaultValue": "hackathonsbns",
            "type": "String"
        },
        "components_hackathonsbqfunc_name": {
            "defaultValue": "hackathonsbqfunc",
            "type": "String"
        },
        "storageAccounts_hackathonsbimg_name": {
            "defaultValue": "hackathonsbimg",
            "type": "String"
        },
        "storageAccounts_hackathonsbchpt_name": {
            "defaultValue": "hackathonsbchpt",
            "type": "String"
        },
        "databaseAccounts_hackathoncdb_name": {
            "defaultValue": "hackathoncdb",
            "type": "String"
        },
        "smartdetectoralertrules_failure_anomalies___hackathonsbqfunc_name": {
            "defaultValue": "failure anomalies - hackathonsbqfunc",
            "type": "String"
        },
        "actiongroups_application_insights_smart_detection_externalid": {
            "defaultValue": "/subscriptions/9ecc7f6a-cf39-4cbd-b2ca-049ef342b143/resourceGroups/eventhubrg/providers/microsoft.insights/actiongroups/application insights smart detection",
            "type": "String"
        }
    },
    "variables": {},
    "resources": [
        {
            "type": "Microsoft.DocumentDB/databaseAccounts",
            "apiVersion": "2022-05-15",
            "name": "[parameters('databaseAccounts_hackathoncdb_name')]",
            "location": "East US",
            "tags": {
                "defaultExperience": "Core (SQL)",
                "hidden-cosmos-mmspecial": ""
            },
            "kind": "GlobalDocumentDB",
            "identity": {
                "type": "None"
            },
            "properties": {
                "publicNetworkAccess": "Enabled",
                "enableAutomaticFailover": false,
                "enableMultipleWriteLocations": false,
                "isVirtualNetworkFilterEnabled": false,
                "virtualNetworkRules": [],
                "disableKeyBasedMetadataWriteAccess": false,
                "enableFreeTier": false,
                "enableAnalyticalStorage": false,
                "analyticalStorageConfiguration": {
                    "schemaType": "WellDefined"
                },
                "databaseAccountOfferType": "Standard",
                "defaultIdentity": "FirstPartyIdentity",
                "networkAclBypass": "None",
                "disableLocalAuth": false,
                "consistencyPolicy": {
                    "defaultConsistencyLevel": "Session",
                    "maxIntervalInSeconds": 5,
                    "maxStalenessPrefix": 100
                },
                "locations": [
                    {
                        "locationName": "East US",
                        "provisioningState": "Succeeded",
                        "failoverPriority": 0,
                        "isZoneRedundant": false
                    }
                ],
                "cors": [],
                "capabilities": [],
                "ipRules": [],
                "backupPolicy": {
                    "type": "Periodic",
                    "periodicModeProperties": {
                        "backupIntervalInMinutes": 240,
                        "backupRetentionIntervalInHours": 8,
                        "backupStorageRedundancy": "Geo"
                    }
                },
                "networkAclBypassResourceIds": []
            }
        },
        {
            "type": "microsoft.insights/components",
            "apiVersion": "2020-02-02",
            "name": "[parameters('components_hackathonsbqfunc_name')]",
            "location": "eastus",
            "kind": "web",
            "properties": {
                "Application_Type": "web",
                "RetentionInDays": 90,
                "IngestionMode": "ApplicationInsights",
                "publicNetworkAccessForIngestion": "Enabled",
                "publicNetworkAccessForQuery": "Enabled"
            }
        },
        {
            "type": "Microsoft.ServiceBus/namespaces",
            "apiVersion": "2022-01-01-preview",
            "name": "[parameters('namespaces_hackathonsbns_name')]",
            "location": "East US",
            "sku": {
                "name": "Standard",
                "tier": "Standard"
            },
            "properties": {
                "minimumTlsVersion": "1.2",
                "publicNetworkAccess": "Enabled",
                "disableLocalAuth": false,
                "zoneRedundant": false
            }
        },
        {
            "type": "Microsoft.Storage/storageAccounts",
            "apiVersion": "2022-05-01",
            "name": "[parameters('storageAccounts_hackathonsbchpt_name')]",
            "location": "eastus",
            "sku": {
                "name": "Standard_LRS",
                "tier": "Standard"
            },
            "kind": "StorageV2",
            "properties": {
                "dnsEndpointType": "Standard",
                "defaultToOAuthAuthentication": false,
                "publicNetworkAccess": "Enabled",
                "allowCrossTenantReplication": true,
                "minimumTlsVersion": "TLS1_2",
                "allowBlobPublicAccess": true,
                "allowSharedKeyAccess": true,
                "networkAcls": {
                    "bypass": "AzureServices",
                    "virtualNetworkRules": [],
                    "ipRules": [],
                    "defaultAction": "Allow"
                },
                "supportsHttpsTrafficOnly": true,
                "encryption": {
                    "requireInfrastructureEncryption": false,
                    "services": {
                        "file": {
                            "keyType": "Account",
                            "enabled": true
                        },
                        "blob": {
                            "keyType": "Account",
                            "enabled": true
                        }
                    },
                    "keySource": "Microsoft.Storage"
                },
                "accessTier": "Hot"
            }
        },
        {
            "type": "Microsoft.Storage/storageAccounts",
            "apiVersion": "2022-05-01",
            "name": "[parameters('storageAccounts_hackathonsbimg_name')]",
            "location": "eastus",
            "sku": {
                "name": "Standard_LRS",
                "tier": "Standard"
            },
            "kind": "StorageV2",
            "properties": {
                "dnsEndpointType": "Standard",
                "defaultToOAuthAuthentication": false,
                "publicNetworkAccess": "Enabled",
                "allowCrossTenantReplication": true,
                "minimumTlsVersion": "TLS1_2",
                "allowBlobPublicAccess": true,
                "allowSharedKeyAccess": true,
                "networkAcls": {
                    "bypass": "AzureServices",
                    "virtualNetworkRules": [],
                    "ipRules": [],
                    "defaultAction": "Allow"
                },
                "supportsHttpsTrafficOnly": true,
                "encryption": {
                    "requireInfrastructureEncryption": false,
                    "services": {
                        "file": {
                            "keyType": "Account",
                            "enabled": true
                        },
                        "blob": {
                            "keyType": "Account",
                            "enabled": true
                        }
                    },
                    "keySource": "Microsoft.Storage"
                },
                "accessTier": "Hot"
            }
        },
        {
            "type": "Microsoft.Web/serverfarms",
            "apiVersion": "2022-03-01",
            "name": "[parameters('serverfarms_hackathonsbqfunc_name')]",
            "location": "East US",
            "sku": {
                "name": "EP1",
                "tier": "ElasticPremium",
                "size": "EP1",
                "family": "EP",
                "capacity": 1
            },
            "kind": "elastic",
            "properties": {
                "perSiteScaling": false,
                "elasticScaleEnabled": true,
                "maximumElasticWorkerCount": 20,
                "isSpot": false,
                "reserved": true,
                "isXenon": false,
                "hyperV": false,
                "targetWorkerCount": 0,
                "targetWorkerSizeId": 0,
                "zoneRedundant": false
            }
        },
        {
            "type": "microsoft.alertsmanagement/smartdetectoralertrules",
            "apiVersion": "2021-04-01",
            "name": "[parameters('smartdetectoralertrules_failure_anomalies___hackathonsbqfunc_name')]",
            "location": "global",
            "dependsOn": [
                "[resourceId('microsoft.insights/components', parameters('components_hackathonsbqfunc_name'))]"
            ],
            "properties": {
                "description": "Failure Anomalies notifies you of an unusual rise in the rate of failed HTTP requests or dependency calls.",
                "state": "Enabled",
                "severity": "Sev3",
                "frequency": "PT1M",
                "detector": {
                    "id": "FailureAnomaliesDetector"
                },
                "scope": [
                    "[resourceId('microsoft.insights/components', parameters('components_hackathonsbqfunc_name'))]"
                ],
                "actionGroups": {
                    "groupIds": [
                        "[parameters('actiongroups_application_insights_smart_detection_externalid')]"
                    ]
                }
            }
        },
        {
            "type": "Microsoft.DocumentDB/databaseAccounts/sqlRoleDefinitions",
            "apiVersion": "2022-05-15",
            "name": "[concat(parameters('databaseAccounts_hackathoncdb_name'), '/00000000-0000-0000-0000-000000000001')]",
            "dependsOn": [
                "[resourceId('Microsoft.DocumentDB/databaseAccounts', parameters('databaseAccounts_hackathoncdb_name'))]"
            ],
            "properties": {
                "roleName": "Cosmos DB Built-in Data Reader",
                "type": "BuiltInRole",
                "assignableScopes": [
                    "[resourceId('Microsoft.DocumentDB/databaseAccounts', parameters('databaseAccounts_hackathoncdb_name'))]"
                ],
                "permissions": [
                    {
                        "dataActions": [
                            "Microsoft.DocumentDB/databaseAccounts/readMetadata",
                            "Microsoft.DocumentDB/databaseAccounts/sqlDatabases/containers/executeQuery",
                            "Microsoft.DocumentDB/databaseAccounts/sqlDatabases/containers/readChangeFeed",
                            "Microsoft.DocumentDB/databaseAccounts/sqlDatabases/containers/items/read"
                        ],
                        "notDataActions": []
                    }
                ]
            }
        },
        {
            "type": "Microsoft.DocumentDB/databaseAccounts/sqlRoleDefinitions",
            "apiVersion": "2022-05-15",
            "name": "[concat(parameters('databaseAccounts_hackathoncdb_name'), '/00000000-0000-0000-0000-000000000002')]",
            "dependsOn": [
                "[resourceId('Microsoft.DocumentDB/databaseAccounts', parameters('databaseAccounts_hackathoncdb_name'))]"
            ],
            "properties": {
                "roleName": "Cosmos DB Built-in Data Contributor",
                "type": "BuiltInRole",
                "assignableScopes": [
                    "[resourceId('Microsoft.DocumentDB/databaseAccounts', parameters('databaseAccounts_hackathoncdb_name'))]"
                ],
                "permissions": [
                    {
                        "dataActions": [
                            "Microsoft.DocumentDB/databaseAccounts/readMetadata",
                            "Microsoft.DocumentDB/databaseAccounts/sqlDatabases/containers/*",
                            "Microsoft.DocumentDB/databaseAccounts/sqlDatabases/containers/items/*"
                        ],
                        "notDataActions": []
                    }
                ]
            }
        },
        {
            "type": "microsoft.insights/components/ProactiveDetectionConfigs",
            "apiVersion": "2018-05-01-preview",
            "name": "[concat(parameters('components_hackathonsbqfunc_name'), '/degradationindependencyduration')]",
            "location": "eastus",
            "dependsOn": [
                "[resourceId('microsoft.insights/components', parameters('components_hackathonsbqfunc_name'))]"
            ],
            "properties": {
                "ruleDefinitions": {
                    "Name": "degradationindependencyduration",
                    "DisplayName": "Degradation in dependency duration",
                    "Description": "Smart Detection rules notify you of performance anomaly issues.",
                    "HelpUrl": "https://docs.microsoft.com/en-us/azure/application-insights/app-insights-proactive-performance-diagnostics",
                    "IsHidden": false,
                    "IsEnabledByDefault": true,
                    "IsInPreview": false,
                    "SupportsEmailNotifications": true
                },
                "enabled": true,
                "sendEmailsToSubscriptionOwners": true,
                "customEmails": []
            }
        },
        {
            "type": "microsoft.insights/components/ProactiveDetectionConfigs",
            "apiVersion": "2018-05-01-preview",
            "name": "[concat(parameters('components_hackathonsbqfunc_name'), '/degradationinserverresponsetime')]",
            "location": "eastus",
            "dependsOn": [
                "[resourceId('microsoft.insights/components', parameters('components_hackathonsbqfunc_name'))]"
            ],
            "properties": {
                "ruleDefinitions": {
                    "Name": "degradationinserverresponsetime",
                    "DisplayName": "Degradation in server response time",
                    "Description": "Smart Detection rules notify you of performance anomaly issues.",
                    "HelpUrl": "https://docs.microsoft.com/en-us/azure/application-insights/app-insights-proactive-performance-diagnostics",
                    "IsHidden": false,
                    "IsEnabledByDefault": true,
                    "IsInPreview": false,
                    "SupportsEmailNotifications": true
                },
                "enabled": true,
                "sendEmailsToSubscriptionOwners": true,
                "customEmails": []
            }
        },
        {
            "type": "microsoft.insights/components/ProactiveDetectionConfigs",
            "apiVersion": "2018-05-01-preview",
            "name": "[concat(parameters('components_hackathonsbqfunc_name'), '/digestMailConfiguration')]",
            "location": "eastus",
            "dependsOn": [
                "[resourceId('microsoft.insights/components', parameters('components_hackathonsbqfunc_name'))]"
            ],
            "properties": {
                "ruleDefinitions": {
                    "Name": "digestMailConfiguration",
                    "DisplayName": "Digest Mail Configuration",
                    "Description": "This rule describes the digest mail preferences",
                    "HelpUrl": "www.homail.com",
                    "IsHidden": true,
                    "IsEnabledByDefault": true,
                    "IsInPreview": false,
                    "SupportsEmailNotifications": true
                },
                "enabled": true,
                "sendEmailsToSubscriptionOwners": true,
                "customEmails": []
            }
        },
        {
            "type": "microsoft.insights/components/ProactiveDetectionConfigs",
            "apiVersion": "2018-05-01-preview",
            "name": "[concat(parameters('components_hackathonsbqfunc_name'), '/extension_billingdatavolumedailyspikeextension')]",
            "location": "eastus",
            "dependsOn": [
                "[resourceId('microsoft.insights/components', parameters('components_hackathonsbqfunc_name'))]"
            ],
            "properties": {
                "ruleDefinitions": {
                    "Name": "extension_billingdatavolumedailyspikeextension",
                    "DisplayName": "Abnormal rise in daily data volume (preview)",
                    "Description": "This detection rule automatically analyzes the billing data generated by your application, and can warn you about an unusual increase in your application's billing costs",
                    "HelpUrl": "https://github.com/Microsoft/ApplicationInsights-Home/tree/master/SmartDetection/billing-data-volume-daily-spike.md",
                    "IsHidden": false,
                    "IsEnabledByDefault": true,
                    "IsInPreview": true,
                    "SupportsEmailNotifications": false
                },
                "enabled": true,
                "sendEmailsToSubscriptionOwners": true,
                "customEmails": []
            }
        },
        {
            "type": "microsoft.insights/components/ProactiveDetectionConfigs",
            "apiVersion": "2018-05-01-preview",
            "name": "[concat(parameters('components_hackathonsbqfunc_name'), '/extension_canaryextension')]",
            "location": "eastus",
            "dependsOn": [
                "[resourceId('microsoft.insights/components', parameters('components_hackathonsbqfunc_name'))]"
            ],
            "properties": {
                "ruleDefinitions": {
                    "Name": "extension_canaryextension",
                    "DisplayName": "Canary extension",
                    "Description": "Canary extension",
                    "HelpUrl": "https://github.com/Microsoft/ApplicationInsights-Home/blob/master/SmartDetection/",
                    "IsHidden": true,
                    "IsEnabledByDefault": true,
                    "IsInPreview": true,
                    "SupportsEmailNotifications": false
                },
                "enabled": true,
                "sendEmailsToSubscriptionOwners": true,
                "customEmails": []
            }
        },
        {
            "type": "microsoft.insights/components/ProactiveDetectionConfigs",
            "apiVersion": "2018-05-01-preview",
            "name": "[concat(parameters('components_hackathonsbqfunc_name'), '/extension_exceptionchangeextension')]",
            "location": "eastus",
            "dependsOn": [
                "[resourceId('microsoft.insights/components', parameters('components_hackathonsbqfunc_name'))]"
            ],
            "properties": {
                "ruleDefinitions": {
                    "Name": "extension_exceptionchangeextension",
                    "DisplayName": "Abnormal rise in exception volume (preview)",
                    "Description": "This detection rule automatically analyzes the exceptions thrown in your application, and can warn you about unusual patterns in your exception telemetry.",
                    "HelpUrl": "https://github.com/Microsoft/ApplicationInsights-Home/blob/master/SmartDetection/abnormal-rise-in-exception-volume.md",
                    "IsHidden": false,
                    "IsEnabledByDefault": true,
                    "IsInPreview": true,
                    "SupportsEmailNotifications": false
                },
                "enabled": true,
                "sendEmailsToSubscriptionOwners": true,
                "customEmails": []
            }
        },
        {
            "type": "microsoft.insights/components/ProactiveDetectionConfigs",
            "apiVersion": "2018-05-01-preview",
            "name": "[concat(parameters('components_hackathonsbqfunc_name'), '/extension_memoryleakextension')]",
            "location": "eastus",
            "dependsOn": [
                "[resourceId('microsoft.insights/components', parameters('components_hackathonsbqfunc_name'))]"
            ],
            "properties": {
                "ruleDefinitions": {
                    "Name": "extension_memoryleakextension",
                    "DisplayName": "Potential memory leak detected (preview)",
                    "Description": "This detection rule automatically analyzes the memory consumption of each process in your application, and can warn you about potential memory leaks or increased memory consumption.",
                    "HelpUrl": "https://github.com/Microsoft/ApplicationInsights-Home/tree/master/SmartDetection/memory-leak.md",
                    "IsHidden": false,
                    "IsEnabledByDefault": true,
                    "IsInPreview": true,
                    "SupportsEmailNotifications": false
                },
                "enabled": true,
                "sendEmailsToSubscriptionOwners": true,
                "customEmails": []
            }
        },
        {
            "type": "microsoft.insights/components/ProactiveDetectionConfigs",
            "apiVersion": "2018-05-01-preview",
            "name": "[concat(parameters('components_hackathonsbqfunc_name'), '/extension_securityextensionspackage')]",
            "location": "eastus",
            "dependsOn": [
                "[resourceId('microsoft.insights/components', parameters('components_hackathonsbqfunc_name'))]"
            ],
            "properties": {
                "ruleDefinitions": {
                    "Name": "extension_securityextensionspackage",
                    "DisplayName": "Potential security issue detected (preview)",
                    "Description": "This detection rule automatically analyzes the telemetry generated by your application and detects potential security issues.",
                    "HelpUrl": "https://github.com/Microsoft/ApplicationInsights-Home/blob/master/SmartDetection/application-security-detection-pack.md",
                    "IsHidden": false,
                    "IsEnabledByDefault": true,
                    "IsInPreview": true,
                    "SupportsEmailNotifications": false
                },
                "enabled": true,
                "sendEmailsToSubscriptionOwners": true,
                "customEmails": []
            }
        },
        {
            "type": "microsoft.insights/components/ProactiveDetectionConfigs",
            "apiVersion": "2018-05-01-preview",
            "name": "[concat(parameters('components_hackathonsbqfunc_name'), '/extension_traceseveritydetector')]",
            "location": "eastus",
            "dependsOn": [
                "[resourceId('microsoft.insights/components', parameters('components_hackathonsbqfunc_name'))]"
            ],
            "properties": {
                "ruleDefinitions": {
                    "Name": "extension_traceseveritydetector",
                    "DisplayName": "Degradation in trace severity ratio (preview)",
                    "Description": "This detection rule automatically analyzes the trace logs emitted from your application, and can warn you about unusual patterns in the severity of your trace telemetry.",
                    "HelpUrl": "https://github.com/Microsoft/ApplicationInsights-Home/blob/master/SmartDetection/degradation-in-trace-severity-ratio.md",
                    "IsHidden": false,
                    "IsEnabledByDefault": true,
                    "IsInPreview": true,
                    "SupportsEmailNotifications": false
                },
                "enabled": true,
                "sendEmailsToSubscriptionOwners": true,
                "customEmails": []
            }
        },
        {
            "type": "microsoft.insights/components/ProactiveDetectionConfigs",
            "apiVersion": "2018-05-01-preview",
            "name": "[concat(parameters('components_hackathonsbqfunc_name'), '/longdependencyduration')]",
            "location": "eastus",
            "dependsOn": [
                "[resourceId('microsoft.insights/components', parameters('components_hackathonsbqfunc_name'))]"
            ],
            "properties": {
                "ruleDefinitions": {
                    "Name": "longdependencyduration",
                    "DisplayName": "Long dependency duration",
                    "Description": "Smart Detection rules notify you of performance anomaly issues.",
                    "HelpUrl": "https://docs.microsoft.com/en-us/azure/application-insights/app-insights-proactive-performance-diagnostics",
                    "IsHidden": false,
                    "IsEnabledByDefault": true,
                    "IsInPreview": false,
                    "SupportsEmailNotifications": true
                },
                "enabled": true,
                "sendEmailsToSubscriptionOwners": true,
                "customEmails": []
            }
        },
        {
            "type": "microsoft.insights/components/ProactiveDetectionConfigs",
            "apiVersion": "2018-05-01-preview",
            "name": "[concat(parameters('components_hackathonsbqfunc_name'), '/migrationToAlertRulesCompleted')]",
            "location": "eastus",
            "dependsOn": [
                "[resourceId('microsoft.insights/components', parameters('components_hackathonsbqfunc_name'))]"
            ],
            "properties": {
                "ruleDefinitions": {
                    "Name": "migrationToAlertRulesCompleted",
                    "DisplayName": "Migration To Alert Rules Completed",
                    "Description": "A configuration that controls the migration state of Smart Detection to Smart Alerts",
                    "HelpUrl": "https://docs.microsoft.com/en-us/azure/application-insights/app-insights-proactive-performance-diagnostics",
                    "IsHidden": true,
                    "IsEnabledByDefault": false,
                    "IsInPreview": true,
                    "SupportsEmailNotifications": false
                },
                "enabled": false,
                "sendEmailsToSubscriptionOwners": true,
                "customEmails": []
            }
        },
        {
            "type": "microsoft.insights/components/ProactiveDetectionConfigs",
            "apiVersion": "2018-05-01-preview",
            "name": "[concat(parameters('components_hackathonsbqfunc_name'), '/slowpageloadtime')]",
            "location": "eastus",
            "dependsOn": [
                "[resourceId('microsoft.insights/components', parameters('components_hackathonsbqfunc_name'))]"
            ],
            "properties": {
                "ruleDefinitions": {
                    "Name": "slowpageloadtime",
                    "DisplayName": "Slow page load time",
                    "Description": "Smart Detection rules notify you of performance anomaly issues.",
                    "HelpUrl": "https://docs.microsoft.com/en-us/azure/application-insights/app-insights-proactive-performance-diagnostics",
                    "IsHidden": false,
                    "IsEnabledByDefault": true,
                    "IsInPreview": false,
                    "SupportsEmailNotifications": true
                },
                "enabled": true,
                "sendEmailsToSubscriptionOwners": true,
                "customEmails": []
            }
        },
        {
            "type": "microsoft.insights/components/ProactiveDetectionConfigs",
            "apiVersion": "2018-05-01-preview",
            "name": "[concat(parameters('components_hackathonsbqfunc_name'), '/slowserverresponsetime')]",
            "location": "eastus",
            "dependsOn": [
                "[resourceId('microsoft.insights/components', parameters('components_hackathonsbqfunc_name'))]"
            ],
            "properties": {
                "ruleDefinitions": {
                    "Name": "slowserverresponsetime",
                    "DisplayName": "Slow server response time",
                    "Description": "Smart Detection rules notify you of performance anomaly issues.",
                    "HelpUrl": "https://docs.microsoft.com/en-us/azure/application-insights/app-insights-proactive-performance-diagnostics",
                    "IsHidden": false,
                    "IsEnabledByDefault": true,
                    "IsInPreview": false,
                    "SupportsEmailNotifications": true
                },
                "enabled": true,
                "sendEmailsToSubscriptionOwners": true,
                "customEmails": []
            }
        },
        {
            "type": "Microsoft.ServiceBus/namespaces/AuthorizationRules",
            "apiVersion": "2022-01-01-preview",
            "name": "[concat(parameters('namespaces_hackathonsbns_name'), '/RootManageSharedAccessKey')]",
            "location": "East US",
            "dependsOn": [
                "[resourceId('Microsoft.ServiceBus/namespaces', parameters('namespaces_hackathonsbns_name'))]"
            ],
            "properties": {
                "rights": [
                    "Listen",
                    "Manage",
                    "Send"
                ]
            }
        },
        {
            "type": "Microsoft.ServiceBus/namespaces/networkRuleSets",
            "apiVersion": "2022-01-01-preview",
            "name": "[concat(parameters('namespaces_hackathonsbns_name'), '/default')]",
            "location": "East US",
            "dependsOn": [
                "[resourceId('Microsoft.ServiceBus/namespaces', parameters('namespaces_hackathonsbns_name'))]"
            ],
            "properties": {
                "publicNetworkAccess": "Enabled",
                "defaultAction": "Allow",
                "virtualNetworkRules": [],
                "ipRules": []
            }
        },
        {
            "type": "Microsoft.ServiceBus/namespaces/queues",
            "apiVersion": "2022-01-01-preview",
            "name": "[concat(parameters('namespaces_hackathonsbns_name'), '/imagedata')]",
            "location": "eastus",
            "dependsOn": [
                "[resourceId('Microsoft.ServiceBus/namespaces', parameters('namespaces_hackathonsbns_name'))]"
            ],
            "properties": {
                "maxMessageSizeInKilobytes": 256,
                "lockDuration": "PT30S",
                "maxSizeInMegabytes": 1024,
                "requiresDuplicateDetection": false,
                "requiresSession": false,
                "defaultMessageTimeToLive": "P14D",
                "deadLetteringOnMessageExpiration": false,
                "enableBatchedOperations": true,
                "duplicateDetectionHistoryTimeWindow": "PT10M",
                "maxDeliveryCount": 10,
                "status": "Active",
                "autoDeleteOnIdle": "P10675199DT2H48M5.4775807S",
                "enablePartitioning": false,
                "enableExpress": false
            }
        },
        {
            "type": "Microsoft.Storage/storageAccounts/blobServices",
            "apiVersion": "2022-05-01",
            "name": "[concat(parameters('storageAccounts_hackathonsbchpt_name'), '/default')]",
            "dependsOn": [
                "[resourceId('Microsoft.Storage/storageAccounts', parameters('storageAccounts_hackathonsbchpt_name'))]"
            ],
            "sku": {
                "name": "Standard_LRS",
                "tier": "Standard"
            },
            "properties": {
                "changeFeed": {
                    "enabled": false
                },
                "restorePolicy": {
                    "enabled": false
                },
                "containerDeleteRetentionPolicy": {
                    "enabled": true,
                    "days": 7
                },
                "cors": {
                    "corsRules": []
                },
                "deleteRetentionPolicy": {
                    "allowPermanentDelete": false,
                    "enabled": true,
                    "days": 7
                },
                "isVersioningEnabled": false
            }
        },
        {
            "type": "Microsoft.Storage/storageAccounts/blobServices",
            "apiVersion": "2022-05-01",
            "name": "[concat(parameters('storageAccounts_hackathonsbimg_name'), '/default')]",
            "dependsOn": [
                "[resourceId('Microsoft.Storage/storageAccounts', parameters('storageAccounts_hackathonsbimg_name'))]"
            ],
            "sku": {
                "name": "Standard_LRS",
                "tier": "Standard"
            },
            "properties": {
                "changeFeed": {
                    "enabled": false
                },
                "restorePolicy": {
                    "enabled": false
                },
                "containerDeleteRetentionPolicy": {
                    "enabled": true,
                    "days": 7
                },
                "cors": {
                    "corsRules": [
                        {
                            "allowedOrigins": [
                                "*"
                            ],
                            "allowedMethods": [
                                "DELETE",
                                "GET",
                                "HEAD",
                                "MERGE",
                                "POST",
                                "PUT",
                                "PATCH",
                                "OPTIONS"
                            ],
                            "maxAgeInSeconds": 86400,
                            "exposedHeaders": [
                                "*"
                            ],
                            "allowedHeaders": [
                                "*"
                            ]
                        }
                    ]
                },
                "deleteRetentionPolicy": {
                    "allowPermanentDelete": false,
                    "enabled": true,
                    "days": 7
                },
                "isVersioningEnabled": false
            }
        },
        {
            "type": "Microsoft.Storage/storageAccounts/fileServices",
            "apiVersion": "2022-05-01",
            "name": "[concat(parameters('storageAccounts_hackathonsbchpt_name'), '/default')]",
            "dependsOn": [
                "[resourceId('Microsoft.Storage/storageAccounts', parameters('storageAccounts_hackathonsbchpt_name'))]"
            ],
            "sku": {
                "name": "Standard_LRS",
                "tier": "Standard"
            },
            "properties": {
                "protocolSettings": {
                    "smb": {}
                },
                "cors": {
                    "corsRules": []
                },
                "shareDeleteRetentionPolicy": {
                    "enabled": true,
                    "days": 7
                }
            }
        },
        {
            "type": "Microsoft.Storage/storageAccounts/fileServices",
            "apiVersion": "2022-05-01",
            "name": "[concat(parameters('storageAccounts_hackathonsbimg_name'), '/default')]",
            "dependsOn": [
                "[resourceId('Microsoft.Storage/storageAccounts', parameters('storageAccounts_hackathonsbimg_name'))]"
            ],
            "sku": {
                "name": "Standard_LRS",
                "tier": "Standard"
            },
            "properties": {
                "protocolSettings": {
                    "smb": {}
                },
                "cors": {
                    "corsRules": []
                },
                "shareDeleteRetentionPolicy": {
                    "enabled": true,
                    "days": 7
                }
            }
        },
        {
            "type": "Microsoft.Storage/storageAccounts/queueServices",
            "apiVersion": "2022-05-01",
            "name": "[concat(parameters('storageAccounts_hackathonsbchpt_name'), '/default')]",
            "dependsOn": [
                "[resourceId('Microsoft.Storage/storageAccounts', parameters('storageAccounts_hackathonsbchpt_name'))]"
            ],
            "properties": {
                "cors": {
                    "corsRules": []
                }
            }
        },
        {
            "type": "Microsoft.Storage/storageAccounts/queueServices",
            "apiVersion": "2022-05-01",
            "name": "[concat(parameters('storageAccounts_hackathonsbimg_name'), '/default')]",
            "dependsOn": [
                "[resourceId('Microsoft.Storage/storageAccounts', parameters('storageAccounts_hackathonsbimg_name'))]"
            ],
            "properties": {
                "cors": {
                    "corsRules": []
                }
            }
        },
        {
            "type": "Microsoft.Storage/storageAccounts/tableServices",
            "apiVersion": "2022-05-01",
            "name": "[concat(parameters('storageAccounts_hackathonsbchpt_name'), '/default')]",
            "dependsOn": [
                "[resourceId('Microsoft.Storage/storageAccounts', parameters('storageAccounts_hackathonsbchpt_name'))]"
            ],
            "properties": {
                "cors": {
                    "corsRules": []
                }
            }
        },
        {
            "type": "Microsoft.Storage/storageAccounts/tableServices",
            "apiVersion": "2022-05-01",
            "name": "[concat(parameters('storageAccounts_hackathonsbimg_name'), '/default')]",
            "dependsOn": [
                "[resourceId('Microsoft.Storage/storageAccounts', parameters('storageAccounts_hackathonsbimg_name'))]"
            ],
            "properties": {
                "cors": {
                    "corsRules": []
                }
            }
        },
        {
            "type": "Microsoft.Web/sites",
            "apiVersion": "2022-03-01",
            "name": "[parameters('sites_hackathonsbqfunc_name')]",
            "location": "East US",
            "dependsOn": [
                "[resourceId('Microsoft.Web/serverfarms', parameters('serverfarms_hackathonsbqfunc_name'))]"
            ],
            "tags": {
                "hidden-link: /app-insights-resource-id": "/subscriptions/9ecc7f6a-cf39-4cbd-b2ca-049ef342b143/resourceGroups/HackathonRG/providers/microsoft.insights/components/hackathonsbqfunc",
                "hidden-link: /app-insights-instrumentation-key": "37e7d0de-f23e-4241-b142-dd120ad4d3dc",
                "hidden-link: /app-insights-conn-string": "InstrumentationKey=37e7d0de-f23e-4241-b142-dd120ad4d3dc;IngestionEndpoint=https://eastus-0.in.applicationinsights.azure.com/;LiveEndpoint=https://eastus.livediagnostics.monitor.azure.com/"
            },
            "kind": "functionapp,linux",
            "properties": {
                "enabled": true,
                "hostNameSslStates": [
                    {
                        "name": "[concat(parameters('sites_hackathonsbqfunc_name'), '.azurewebsites.net')]",
                        "sslState": "Disabled",
                        "hostType": "Standard"
                    },
                    {
                        "name": "[concat(parameters('sites_hackathonsbqfunc_name'), '.scm.azurewebsites.net')]",
                        "sslState": "Disabled",
                        "hostType": "Repository"
                    }
                ],
                "serverFarmId": "[resourceId('Microsoft.Web/serverfarms', parameters('serverfarms_hackathonsbqfunc_name'))]",
                "reserved": true,
                "isXenon": false,
                "hyperV": false,
                "vnetRouteAllEnabled": false,
                "vnetImagePullEnabled": false,
                "vnetContentShareEnabled": false,
                "siteConfig": {
                    "numberOfWorkers": 1,
                    "linuxFxVersion": "PYTHON|3.9",
                    "acrUseManagedIdentityCreds": false,
                    "alwaysOn": false,
                    "http20Enabled": false,
                    "functionAppScaleLimit": 0,
                    "minimumElasticInstanceCount": 1
                },
                "scmSiteAlsoStopped": false,
                "clientAffinityEnabled": false,
                "clientCertEnabled": false,
                "clientCertMode": "Required",
                "hostNamesDisabled": false,
                "customDomainVerificationId": "B80FEA214C6CB43653C76673A484E3ECD0ECB8C42D46C7D66BA267825C49B637",
                "containerSize": 0,
                "dailyMemoryTimeQuota": 0,
                "httpsOnly": false,
                "redundancyMode": "None",
                "storageAccountRequired": false,
                "keyVaultReferenceIdentity": "SystemAssigned"
            }
        },
        {
            "type": "Microsoft.Web/sites/basicPublishingCredentialsPolicies",
            "apiVersion": "2022-03-01",
            "name": "[concat(parameters('sites_hackathonsbqfunc_name'), '/ftp')]",
            "location": "East US",
            "dependsOn": [
                "[resourceId('Microsoft.Web/sites', parameters('sites_hackathonsbqfunc_name'))]"
            ],
            "tags": {
                "hidden-link: /app-insights-resource-id": "/subscriptions/9ecc7f6a-cf39-4cbd-b2ca-049ef342b143/resourceGroups/HackathonRG/providers/microsoft.insights/components/hackathonsbqfunc",
                "hidden-link: /app-insights-instrumentation-key": "37e7d0de-f23e-4241-b142-dd120ad4d3dc",
                "hidden-link: /app-insights-conn-string": "InstrumentationKey=37e7d0de-f23e-4241-b142-dd120ad4d3dc;IngestionEndpoint=https://eastus-0.in.applicationinsights.azure.com/;LiveEndpoint=https://eastus.livediagnostics.monitor.azure.com/"
            },
            "properties": {
                "allow": true
            }
        },
        {
            "type": "Microsoft.Web/sites/basicPublishingCredentialsPolicies",
            "apiVersion": "2022-03-01",
            "name": "[concat(parameters('sites_hackathonsbqfunc_name'), '/scm')]",
            "location": "East US",
            "dependsOn": [
                "[resourceId('Microsoft.Web/sites', parameters('sites_hackathonsbqfunc_name'))]"
            ],
            "tags": {
                "hidden-link: /app-insights-resource-id": "/subscriptions/9ecc7f6a-cf39-4cbd-b2ca-049ef342b143/resourceGroups/HackathonRG/providers/microsoft.insights/components/hackathonsbqfunc",
                "hidden-link: /app-insights-instrumentation-key": "37e7d0de-f23e-4241-b142-dd120ad4d3dc",
                "hidden-link: /app-insights-conn-string": "InstrumentationKey=37e7d0de-f23e-4241-b142-dd120ad4d3dc;IngestionEndpoint=https://eastus-0.in.applicationinsights.azure.com/;LiveEndpoint=https://eastus.livediagnostics.monitor.azure.com/"
            },
            "properties": {
                "allow": true
            }
        },
        {
            "type": "Microsoft.Web/sites/config",
            "apiVersion": "2022-03-01",
            "name": "[concat(parameters('sites_hackathonsbqfunc_name'), '/web')]",
            "location": "East US",
            "dependsOn": [
                "[resourceId('Microsoft.Web/sites', parameters('sites_hackathonsbqfunc_name'))]"
            ],
            "tags": {
                "hidden-link: /app-insights-resource-id": "/subscriptions/9ecc7f6a-cf39-4cbd-b2ca-049ef342b143/resourceGroups/HackathonRG/providers/microsoft.insights/components/hackathonsbqfunc",
                "hidden-link: /app-insights-instrumentation-key": "37e7d0de-f23e-4241-b142-dd120ad4d3dc",
                "hidden-link: /app-insights-conn-string": "InstrumentationKey=37e7d0de-f23e-4241-b142-dd120ad4d3dc;IngestionEndpoint=https://eastus-0.in.applicationinsights.azure.com/;LiveEndpoint=https://eastus.livediagnostics.monitor.azure.com/"
            },
            "properties": {
                "numberOfWorkers": 1,
                "defaultDocuments": [
                    "Default.htm",
                    "Default.html",
                    "Default.asp",
                    "index.htm",
                    "index.html",
                    "iisstart.htm",
                    "default.aspx",
                    "index.php"
                ],
                "netFrameworkVersion": "v4.0",
                "linuxFxVersion": "PYTHON|3.9",
                "requestTracingEnabled": false,
                "remoteDebuggingEnabled": false,
                "remoteDebuggingVersion": "VS2019",
                "httpLoggingEnabled": false,
                "acrUseManagedIdentityCreds": false,
                "logsDirectorySizeLimit": 35,
                "detailedErrorLoggingEnabled": false,
                "publishingUsername": "$hackathonsbqfunc",
                "scmType": "None",
                "use32BitWorkerProcess": false,
                "webSocketsEnabled": false,
                "alwaysOn": false,
                "managedPipelineMode": "Integrated",
                "virtualApplications": [
                    {
                        "virtualPath": "/",
                        "physicalPath": "site\\wwwroot",
                        "preloadEnabled": false
                    }
                ],
                "loadBalancing": "LeastRequests",
                "experiments": {
                    "rampUpRules": []
                },
                "autoHealEnabled": false,
                "vnetRouteAllEnabled": false,
                "vnetPrivatePortsCount": 0,
                "localMySqlEnabled": false,
                "ipSecurityRestrictions": [
                    {
                        "ipAddress": "Any",
                        "action": "Allow",
                        "priority": 2147483647,
                        "name": "Allow all",
                        "description": "Allow all access"
                    }
                ],
                "scmIpSecurityRestrictions": [
                    {
                        "ipAddress": "Any",
                        "action": "Allow",
                        "priority": 2147483647,
                        "name": "Allow all",
                        "description": "Allow all access"
                    }
                ],
                "scmIpSecurityRestrictionsUseMain": false,
                "http20Enabled": false,
                "minTlsVersion": "1.2",
                "scmMinTlsVersion": "1.2",
                "ftpsState": "AllAllowed",
                "preWarmedInstanceCount": 1,
                "functionAppScaleLimit": 0,
                "functionsRuntimeScaleMonitoringEnabled": false,
                "minimumElasticInstanceCount": 1,
                "azureStorageAccounts": {}
            }
        },
        {
            "type": "Microsoft.Web/sites/deployments",
            "apiVersion": "2022-03-01",
            "name": "[concat(parameters('sites_hackathonsbqfunc_name'), '/3dd973f2-30ab-44aa-9f79-094381d2ee08')]",
            "location": "East US",
            "dependsOn": [
                "[resourceId('Microsoft.Web/sites', parameters('sites_hackathonsbqfunc_name'))]"
            ],
            "properties": {
                "status": 4,
                "author_email": "N/A",
                "author": "VS Code",
                "deployer": "Push-Deployer",
                "message": "Created via a push deployment",
                "start_time": "2022-09-21T21:17:38.8795653Z",
                "end_time": "2022-09-21T21:18:00.1523662Z",
                "active": false
            }
        },
        {
            "type": "Microsoft.Web/sites/deployments",
            "apiVersion": "2022-03-01",
            "name": "[concat(parameters('sites_hackathonsbqfunc_name'), '/5c9beaac-74c5-4d4a-bd9b-e79d016b7d8b')]",
            "location": "East US",
            "dependsOn": [
                "[resourceId('Microsoft.Web/sites', parameters('sites_hackathonsbqfunc_name'))]"
            ],
            "properties": {
                "status": 4,
                "author_email": "N/A",
                "author": "VS Code",
                "deployer": "Push-Deployer",
                "message": "Created via a push deployment",
                "start_time": "2022-09-21T19:43:37.6534357Z",
                "end_time": "2022-09-21T19:43:52.9245902Z",
                "active": false
            }
        },
        {
            "type": "Microsoft.Web/sites/deployments",
            "apiVersion": "2022-03-01",
            "name": "[concat(parameters('sites_hackathonsbqfunc_name'), '/6f44b2f0-16a6-486a-be6c-3001bd3ea914')]",
            "location": "East US",
            "dependsOn": [
                "[resourceId('Microsoft.Web/sites', parameters('sites_hackathonsbqfunc_name'))]"
            ],
            "properties": {
                "status": 4,
                "author_email": "N/A",
                "author": "VS Code",
                "deployer": "Push-Deployer",
                "message": "Created via a push deployment",
                "start_time": "2022-09-21T21:21:26.3846604Z",
                "end_time": "2022-09-21T21:21:41.4597366Z",
                "active": false
            }
        },
        {
            "type": "Microsoft.Web/sites/deployments",
            "apiVersion": "2022-03-01",
            "name": "[concat(parameters('sites_hackathonsbqfunc_name'), '/7b6f0a51-04b4-40ff-839a-2a0aa59aa4de')]",
            "location": "East US",
            "dependsOn": [
                "[resourceId('Microsoft.Web/sites', parameters('sites_hackathonsbqfunc_name'))]"
            ],
            "properties": {
                "status": 4,
                "author_email": "N/A",
                "author": "VS Code",
                "deployer": "Push-Deployer",
                "message": "Created via a push deployment",
                "start_time": "2022-09-21T19:52:13.2209349Z",
                "end_time": "2022-09-21T19:52:27.2065908Z",
                "active": false
            }
        },
        {
            "type": "Microsoft.Web/sites/deployments",
            "apiVersion": "2022-03-01",
            "name": "[concat(parameters('sites_hackathonsbqfunc_name'), '/7f9b1d0a-7e65-4386-b9d6-ba2748b6df52')]",
            "location": "East US",
            "dependsOn": [
                "[resourceId('Microsoft.Web/sites', parameters('sites_hackathonsbqfunc_name'))]"
            ],
            "properties": {
                "status": 4,
                "author_email": "N/A",
                "author": "VS Code",
                "deployer": "Push-Deployer",
                "message": "Created via a push deployment",
                "start_time": "2022-09-21T20:17:12.591335Z",
                "end_time": "2022-09-21T20:17:27.8139469Z",
                "active": false
            }
        },
        {
            "type": "Microsoft.Web/sites/deployments",
            "apiVersion": "2022-03-01",
            "name": "[concat(parameters('sites_hackathonsbqfunc_name'), '/81700725-e40c-4d4b-9188-d4e4ffe91e3c')]",
            "location": "East US",
            "dependsOn": [
                "[resourceId('Microsoft.Web/sites', parameters('sites_hackathonsbqfunc_name'))]"
            ],
            "properties": {
                "status": 4,
                "author_email": "N/A",
                "author": "VS Code",
                "deployer": "Push-Deployer",
                "message": "Created via a push deployment",
                "start_time": "2022-09-21T21:22:22.828345Z",
                "end_time": "2022-09-21T21:22:36.4085688Z",
                "active": true
            }
        },
        {
            "type": "Microsoft.Web/sites/deployments",
            "apiVersion": "2022-03-01",
            "name": "[concat(parameters('sites_hackathonsbqfunc_name'), '/c6a51f7e-2aac-45d9-a622-7cca78244214')]",
            "location": "East US",
            "dependsOn": [
                "[resourceId('Microsoft.Web/sites', parameters('sites_hackathonsbqfunc_name'))]"
            ],
            "properties": {
                "status": 4,
                "author_email": "N/A",
                "author": "VS Code",
                "deployer": "Push-Deployer",
                "message": "Created via a push deployment",
                "start_time": "2022-09-21T20:12:18.9535866Z",
                "end_time": "2022-09-21T20:12:31.7361762Z",
                "active": false
            }
        },
        {
            "type": "Microsoft.Web/sites/deployments",
            "apiVersion": "2022-03-01",
            "name": "[concat(parameters('sites_hackathonsbqfunc_name'), '/cc52a6b7-7c92-41bb-9268-262da5c049d3')]",
            "location": "East US",
            "dependsOn": [
                "[resourceId('Microsoft.Web/sites', parameters('sites_hackathonsbqfunc_name'))]"
            ],
            "properties": {
                "status": 4,
                "author_email": "N/A",
                "author": "VS Code",
                "deployer": "Push-Deployer",
                "message": "Created via a push deployment",
                "start_time": "2022-09-21T20:28:06.3217938Z",
                "end_time": "2022-09-21T20:28:21.6640033Z",
                "active": false
            }
        },
        {
            "type": "Microsoft.Web/sites/deployments",
            "apiVersion": "2022-03-01",
            "name": "[concat(parameters('sites_hackathonsbqfunc_name'), '/e17d8699-c5cf-41a6-9bf3-a51ea1a86e23')]",
            "location": "East US",
            "dependsOn": [
                "[resourceId('Microsoft.Web/sites', parameters('sites_hackathonsbqfunc_name'))]"
            ],
            "properties": {
                "status": 4,
                "author_email": "N/A",
                "author": "VS Code",
                "deployer": "Push-Deployer",
                "message": "Created via a push deployment",
                "start_time": "2022-09-21T20:32:43.1691327Z",
                "end_time": "2022-09-21T20:33:02.5765805Z",
                "active": false
            }
        },
        {
            "type": "Microsoft.Web/sites/deployments",
            "apiVersion": "2022-03-01",
            "name": "[concat(parameters('sites_hackathonsbqfunc_name'), '/fdf63623-6a7f-4b9e-9023-756e0e993929')]",
            "location": "East US",
            "dependsOn": [
                "[resourceId('Microsoft.Web/sites', parameters('sites_hackathonsbqfunc_name'))]"
            ],
            "properties": {
                "status": 4,
                "author_email": "N/A",
                "author": "VS Code",
                "deployer": "Push-Deployer",
                "message": "Created via a push deployment",
                "start_time": "2022-09-21T20:59:44.9171904Z",
                "end_time": "2022-09-21T20:59:58.480377Z",
                "active": false
            }
        },
        {
            "type": "Microsoft.Web/sites/functions",
            "apiVersion": "2022-03-01",
            "name": "[concat(parameters('sites_hackathonsbqfunc_name'), '/ServiceBusQueueTrigger1')]",
            "location": "East US",
            "dependsOn": [
                "[resourceId('Microsoft.Web/sites', parameters('sites_hackathonsbqfunc_name'))]"
            ],
            "properties": {
                "script_root_path_href": "https://hackathonsbqfunc.azurewebsites.net/admin/vfs/home/site/wwwroot/ServiceBusQueueTrigger1/",
                "script_href": "https://hackathonsbqfunc.azurewebsites.net/admin/vfs/home/site/wwwroot/ServiceBusQueueTrigger1/__init__.py",
                "config_href": "https://hackathonsbqfunc.azurewebsites.net/admin/vfs/home/site/wwwroot/ServiceBusQueueTrigger1/function.json",
                "test_data_href": "https://hackathonsbqfunc.azurewebsites.net/admin/vfs/home/data/Functions/sampledata/ServiceBusQueueTrigger1.dat",
                "href": "https://hackathonsbqfunc.azurewebsites.net/admin/functions/ServiceBusQueueTrigger1",
                "config": {},
                "language": "python",
                "isDisabled": false
            }
        },
        {
            "type": "Microsoft.Web/sites/hostNameBindings",
            "apiVersion": "2022-03-01",
            "name": "[concat(parameters('sites_hackathonsbqfunc_name'), '/', parameters('sites_hackathonsbqfunc_name'), '.azurewebsites.net')]",
            "location": "East US",
            "dependsOn": [
                "[resourceId('Microsoft.Web/sites', parameters('sites_hackathonsbqfunc_name'))]"
            ],
            "properties": {
                "siteName": "hackathonsbqfunc",
                "hostNameType": "Verified"
            }
        },
        {
            "type": "Microsoft.ServiceBus/namespaces/queues/authorizationrules",
            "apiVersion": "2022-01-01-preview",
            "name": "[concat(parameters('namespaces_hackathonsbns_name'), '/imagedata/sbwrite')]",
            "location": "eastus",
            "dependsOn": [
                "[resourceId('Microsoft.ServiceBus/namespaces/queues', parameters('namespaces_hackathonsbns_name'), 'imagedata')]",
                "[resourceId('Microsoft.ServiceBus/namespaces', parameters('namespaces_hackathonsbns_name'))]"
            ],
            "properties": {
                "rights": [
                    "Send"
                ]
            }
        },
        {
            "type": "Microsoft.Storage/storageAccounts/blobServices/containers",
            "apiVersion": "2022-05-01",
            "name": "[concat(parameters('storageAccounts_hackathonsbchpt_name'), '/default/azure-webjobs-hosts')]",
            "dependsOn": [
                "[resourceId('Microsoft.Storage/storageAccounts/blobServices', parameters('storageAccounts_hackathonsbchpt_name'), 'default')]",
                "[resourceId('Microsoft.Storage/storageAccounts', parameters('storageAccounts_hackathonsbchpt_name'))]"
            ],
            "properties": {
                "immutableStorageWithVersioning": {
                    "enabled": false
                },
                "defaultEncryptionScope": "$account-encryption-key",
                "denyEncryptionScopeOverride": false,
                "publicAccess": "None"
            }
        },
        {
            "type": "Microsoft.Storage/storageAccounts/blobServices/containers",
            "apiVersion": "2022-05-01",
            "name": "[concat(parameters('storageAccounts_hackathonsbchpt_name'), '/default/azure-webjobs-secrets')]",
            "dependsOn": [
                "[resourceId('Microsoft.Storage/storageAccounts/blobServices', parameters('storageAccounts_hackathonsbchpt_name'), 'default')]",
                "[resourceId('Microsoft.Storage/storageAccounts', parameters('storageAccounts_hackathonsbchpt_name'))]"
            ],
            "properties": {
                "immutableStorageWithVersioning": {
                    "enabled": false
                },
                "defaultEncryptionScope": "$account-encryption-key",
                "denyEncryptionScopeOverride": false,
                "publicAccess": "None"
            }
        },
        {
            "type": "Microsoft.Storage/storageAccounts/blobServices/containers",
            "apiVersion": "2022-05-01",
            "name": "[concat(parameters('storageAccounts_hackathonsbimg_name'), '/default/images')]",
            "dependsOn": [
                "[resourceId('Microsoft.Storage/storageAccounts/blobServices', parameters('storageAccounts_hackathonsbimg_name'), 'default')]",
                "[resourceId('Microsoft.Storage/storageAccounts', parameters('storageAccounts_hackathonsbimg_name'))]"
            ],
            "properties": {
                "immutableStorageWithVersioning": {
                    "enabled": false
                },
                "defaultEncryptionScope": "$account-encryption-key",
                "denyEncryptionScopeOverride": false,
                "publicAccess": "None"
            }
        },
        {
            "type": "Microsoft.Storage/storageAccounts/fileServices/shares",
            "apiVersion": "2022-05-01",
            "name": "[concat(parameters('storageAccounts_hackathonsbchpt_name'), '/default/hackathonsbqfunce3af4b')]",
            "dependsOn": [
                "[resourceId('Microsoft.Storage/storageAccounts/fileServices', parameters('storageAccounts_hackathonsbchpt_name'), 'default')]",
                "[resourceId('Microsoft.Storage/storageAccounts', parameters('storageAccounts_hackathonsbchpt_name'))]"
            ],
            "properties": {
                "accessTier": "TransactionOptimized",
                "shareQuota": 5120,
                "enabledProtocols": "SMB"
            }
        }
    ]
}